,읍면동명,이용자수,이용금액,1인당 이용금액,계절
21,예래동,21859,8476561024,387783.56850725104,봄
24,용담1동,674,242185066,359325.0237388724,봄
29,이호동,411,122313493,297599.7396593674,봄
27,이도1동,4122,1126223736,273222.64337700146,봄
11,삼도2동,8945,2326714978,260113.46875349357,봄
7,도두동,762,193417115,253828.23490813648,봄
34,중문동,6045,1426046178,235905.07493796526,봄
19,연동,28531,6483624344,227248.4085380814,봄
42,효돈동,26,5596000,215230.76923076922,봄
16,아라동,1389,298247901,214721.3110151188,봄
6,대천동,3357,705201694,210069.018170986,봄
3,노형동,4136,755975509,182779.37838491297,봄
28,이도2동,3648,660109098,180950.95888157896,봄
0,건입동,4513,800263331,177324.02636826943,봄
37,추자면,225,39565010,175844.48888888888,봄
25,용담2동,1271,214311884,168616.7458693942,봄
41,화북동,2,330000,165000.0,봄
4,대륜동,4101,597565488,145712.1404535479,봄
13,서홍동,658,93802789,142557.4300911854,봄
36,천지동,9215,1248875849,135526.4079218665,봄
35,중앙동,8557,1155073060,134985.7496786257,봄
32,정방동,8557,1155073060,134985.7496786257,봄
33,조천읍,3523,451198580,128072.26227646891,봄
15,송산동,12598,1601424282,127117.34259406255,봄
10,삼도1동,3021,382655423,126665.15160542866,봄
18,애월읍,9469,1100645696,116236.74052170239,봄
12,삼양동,315,34615112,109889.24444444444,봄
20,영천동,4113,437266922,106313.37758327255,봄
9,봉개동,216,21879250,101292.82407407407,봄
23,외도동,3363,314971177,93657.79869164436,봄
40,한림읍,4239,393412046,92807.74852559566,봄
38,표선면,1241,109314735,88086.00725221596,봄
2,남원읍,1121,94889585,84647.26583407672,봄
8,동홍동,297,24174700,81396.29629629629,봄
22,오라동,878,68148760,77618.17767653758,봄
14,성산읍,7655,591936334,77326.7581972567,봄
31,일도2동,672,49797000,74102.67857142857,봄
39,한경면,197,14157000,71862.94416243654,봄
1,구좌읍,1606,111962241,69714.9694894147,봄
30,일도1동,982,57723640,58781.71079429735,봄
5,대정읍,2727,118672460,43517.58709204254,봄
17,안덕면,11044,462928624,41916.75335023542,봄
26,우도면,440,14634500,33260.22727272727,봄
21,예래동,23649,10651657749,450406.26449321327,여름
24,용담1동,585,157067590,268491.6068376068,여름
11,삼도2동,8806,2233309919,253612.30059050646,여름
34,중문동,8048,1901955698,236326.5032306163,여름
27,이도1동,4181,954235917,228231.50370724706,여름
19,연동,30928,6467510582,209115.0602043456,여름
7,도두동,1152,236900146,205642.48784722222,여름
16,아라동,2058,414912729,201609.68367346938,여름
41,효돈동,51,10183000,199666.66666666666,여름
3,노형동,4112,760448959,184934.08535992217,여름
29,이호동,632,116666564,184598.99367088606,여름
28,이도2동,3444,609333627,176926.14024390245,여름
37,추자면,287,50766010,176885.05226480836,여름
4,대륜동,4965,820598234,165276.58288016112,여름
0,건입동,5433,807774071,148679.1958402356,여름
33,조천읍,4437,631626889,142354.49380211855,여름
2,남원읍,1935,263001916,135918.30284237725,여름
13,서홍동,621,78954730,127141.27214170693,여름
25,용담2동,1313,165340086,125925.4272658035,여름
18,애월읍,12841,1566103008,121961.14072112764,여름
15,송산동,15128,1778661903,117574.16069539926,여름
36,천지동,10935,1278983719,116962.38856881573,여름
12,삼양동,304,35529140,116872.17105263157,여름
35,중앙동,10314,1200028989,116349.52385107621,여름
32,정방동,10314,1200028989,116349.52385107621,여름
20,영천동,4971,567306448,114123.20418426876,여름
6,대천동,4616,511649775,110842.6722270364,여름
38,표선면,1249,133038570,106516.06885508407,여름
10,삼도1동,3079,316936764,102934.96719714193,여름
40,한림읍,6165,505841472,82050.52262773723,여름
23,외도동,3782,300769767,79526.6438392385,여름
22,오라동,779,61033697,78348.77663671374,여름
14,성산읍,11147,865740486,77665.78326006998,여름
9,봉개동,246,18315000,74451.21951219512,여름
8,동홍동,382,27151841,71078.11780104712,여름
39,한경면,171,11210540,65558.7134502924,여름
1,구좌읍,2325,148939593,64060.04,여름
5,대정읍,1656,97245033,58722.84601449275,여름
30,일도1동,963,55365200,57492.41952232606,여름
31,일도2동,697,37033600,53132.85509325682,여름
17,안덕면,11598,525997941,45352.46947749612,여름
26,우도면,629,20265550,32218.680445151032,여름
21,예래동,19486,8619749348,442356.01703787333,가을
11,삼도2동,7615,2185310005,286974.39330269204,가을
16,아라동,1766,482484101,273207.305209513,가을
24,용담1동,561,151488617,270033.1853832442,가을
19,연동,27989,7371177487,263359.8016006288,가을
27,이도1동,4291,1084499158,252738.09321836403,가을
29,이호동,457,110412149,241602.07658643325,가을
41,화북동,5,1180000,236000.0,가을
34,중문동,6427,1486798230,231336.27353353042,가을
3,노형동,3808,863906488,226866.19957983194,가을
39,한경면,68,14454900,212572.0588235294,가을
28,이도2동,3612,686430578,190041.68826135105,가을
4,대륜동,4562,853952165,187188.1115738711,가을
7,도두동,999,186897360,187084.44444444444,가을
0,건입동,4854,811551846,167192.3868974042,가을
13,서홍동,444,69482288,156491.63963963964,가을
33,조천읍,3927,596182785,151816.34453781514,가을
42,효돈동,50,7359000,147180.0,가을
22,오라동,825,120074085,145544.34545454546,가을
6,대천동,3742,524346718,140124.7242116515,가을
12,삼양동,287,40196925,140058.97212543554,가을
2,남원읍,1410,185056882,131246.01560283688,가을
20,영천동,4405,538855793,122328.21634506244,가을
15,송산동,13731,1655556749,120570.73403248125,가을
36,천지동,9832,1172531047,119256.61584621643,가을
37,추자면,397,47343000,119251.88916876575,가을
35,중앙동,9388,1103048759,117495.60705155518,가을
32,정방동,9388,1103048759,117495.60705155518,가을
10,삼도1동,2957,329670245,111488.07744335475,가을
25,용담2동,1224,136080138,111176.58333333333,가을
18,애월읍,10609,1149008605,108305.08106324819,가을
38,표선면,1361,127240701,93490.5958853784,가을
40,한림읍,4827,443315522,91840.79593950693,가을
8,동홍동,330,26042837,78917.68787878788,가을
14,성산읍,7314,562428399,76897.51148482363,가을
23,외도동,3513,253620607,72194.878166809,가을
1,구좌읍,1950,129791696,66559.84410256411,가을
30,일도1동,1006,64540700,64155.765407554674,가을
31,일도2동,751,47341300,63037.683089214384,가을
5,대정읍,1732,94413090,54511.02193995381,가을
26,우도면,423,22080300,52199.29078014184,가을
17,안덕면,9164,424150933,46284.47544740288,가을
9,봉개동,210,7229000,34423.80952380953,가을
21,예래동,21639,8184389229,378224.00429779565,겨울
29,이호동,338,126357957,373840.1094674556,겨울
42,효돈동,23,8319660,361724.347826087,겨울
7,도두동,785,271435563,345777.78726114647,겨울
24,용담1동,455,138726000,304892.3076923077,겨울
27,이도1동,4497,1246281319,277136.1616633311,겨울
11,삼도2동,8424,2147109451,254880.03929249762,겨울
37,추자면,228,54929110,240917.14912280702,겨울
19,연동,26161,6289686599,240422.2544627499,겨울
34,중문동,5574,1234235850,221427.31431646933,겨울
3,노형동,4135,902850861,218343.61813784763,겨울
16,아라동,1513,308013094,203577.72240581625,겨울
28,이도2동,3652,722665226,197882.0443592552,겨울
22,오라동,869,168509990,193912.53164556963,겨울
35,중앙동,8992,1503005234,167149.15858540926,겨울
32,정방동,8992,1503005234,167149.15858540926,겨울
12,삼양동,329,54676035,166188.55623100305,겨울
36,천지동,9635,1601113161,166176.76813700053,겨울
13,서홍동,643,98107927,152578.42457231725,겨울
41,화북동,1,150000,150000.0,겨울
25,용담2동,1030,153199275,148737.16019417476,겨울
15,송산동,12949,1914321715,147835.48652405592,겨울
4,대륜동,4413,639447528,144900.86743711762,겨울
10,삼도1동,2759,387703766,140523.29322218194,겨울
0,건입동,4444,601596950,135372.85103510352,겨울
33,조천읍,3536,460119697,130124.34869909502,겨울
2,남원읍,1126,143400422,127353.83836589698,겨울
6,대천동,3706,460129039,124157.8626551538,겨울
18,애월읍,7790,918665452,117928.81283697048,겨울
39,한경면,110,12809950,116454.09090909091,겨울
31,일도2동,722,75648000,104775.62326869807,겨울
40,한림읍,3902,407998498,104561.3782675551,겨울
20,영천동,4055,410986643,101353.05622688039,겨울
38,표선면,1102,108818940,98746.76950998185,겨울
14,성산읍,7419,635171884,85614.2180886912,겨울
23,외도동,3780,293027809,77520.58439153439,겨울
8,동홍동,255,18712208,73381.20784313725,겨울
5,대정읍,1387,93129155,67144.30785868781,겨울
1,구좌읍,1426,95382330,66888.02945301542,겨울
30,일도1동,1014,57188550,56398.96449704142,겨울
26,우도면,273,12158100,44535.16483516483,겨울
9,봉개동,236,10044565,42561.71610169492,겨울
17,안덕면,12756,420775303,32986.46150830982,겨울
6,대천동,22,16794000,763363.6363636364,봄
13,서홍동,36,24207900,672441.6666666666,봄
24,용담1동,451,262132800,581225.7206208425,봄
10,삼도1동,893,247537300,277197.42441209406,봄
3,노형동,3337,780560193,233910.75606832484,봄
11,삼도2동,592,125574800,212119.5945945946,봄
20,영천동,285,60446000,212091.22807017545,봄
22,오라동,1701,351565420,206681.61081716637,봄
28,이도2동,5228,780456256,149283.9051262433,봄
16,아라동,1008,149635350,148447.76785714287,봄
19,연동,14878,2184271046,146812.14182013713,봄
36,천지동,10346,1509170941,145869.99236419873,봄
32,정방동,10310,1484963041,144031.33278370515,봄
35,중앙동,10310,1484963041,144031.33278370515,봄
15,송산동,12819,1763914591,137601.5750838599,봄
27,이도1동,1739,231314430,133015.77343300747,봄
30,일도1동,28655,3715910823,129677.57190717153,봄
37,추자면,34,4323000,127147.05882352941,봄
8,동홍동,2352,249839050,106224.08588435374,봄
17,안덕면,620,59421740,95841.51612903226,봄
21,예래동,2446,230280290,94145.6623058054,봄
31,일도2동,2633,231241850,87824.47778199772,봄
5,대정읍,1559,124657190,79959.71135343169,봄
29,이호동,464,36740000,79181.03448275862,봄
2,남원읍,653,50164300,76821.28637059724,봄
41,화북동,710,54235520,76388.05633802817,봄
0,건입동,2005,139726400,69688.97755610972,봄
33,조천읍,1973,129875850,65826.58388241257,봄
4,대륜동,23,1461800,63556.52173913043,봄
40,한림읍,1091,59465700,54505.682859761684,봄
25,용담2동,708,38577600,54488.13559322034,봄
9,봉개동,188,8714000,46351.063829787236,봄
39,한경면,246,11284700,45872.76422764228,봄
26,우도면,1362,60709500,44573.788546255506,봄
34,중문동,1382,60999100,44138.27785817655,봄
12,삼양동,2003,82655690,41265.94608087868,봄
14,성산읍,221,7948200,35964.705882352944,봄
18,애월읍,2306,81872760,35504.232437120554,봄
7,도두동,1358,47921300,35288.14432989691,봄
23,외도동,286,10048600,35134.96503496503,봄
38,표선면,2459,79566250,32357.15738104921,봄
1,구좌읍,378,11691200,30929.100529100528,봄
41,효돈동,1,9800000,9800000.0,여름
12,서홍동,24,13312270,554677.9166666666,여름
6,대천동,33,15779000,478151.51515151514,여름
4,대륜동,53,17973500,339122.641509434,여름
9,삼도1동,722,232810400,322452.07756232686,여름
3,노형동,2503,595380830,237866.8917299241,여름
19,영천동,307,62431410,203359.64169381108,여름
26,이도1동,1129,156112188,138274.74579273694,여름
15,아라동,966,131336200,135958.79917184266,여름
10,삼도2동,858,114433000,133371.79487179487,여름
23,용담1동,566,70891100,125249.29328621908,여름
27,이도2동,5143,625924968,121704.25199300019,여름
18,연동,14227,1696084052,119215.86082800309,여름
35,천지동,9677,1073788418,110962.94492094657,여름
8,동홍동,3006,332391660,110576.06786427146,여름
34,중앙동,9653,1060476148,109859.74805759867,여름
31,정방동,9653,1060476148,109859.74805759867,여름
14,송산동,12842,1410275308,109817.42002803301,여름
29,일도1동,25226,2558227456,101412.33076984064,여름
21,오라동,2324,230303780,99098.01204819277,여름
36,추자면,73,6632500,90856.16438356164,여름
20,예래동,2681,215615950,80423.70384185006,여름
16,안덕면,719,53568120,74503.64394993045,여름
30,일도2동,3198,231806400,72484.80300187618,여름
5,대정읍,1952,135461300,69396.15778688525,여름
40,화북동,786,53599500,68192.74809160305,여름
24,용담2동,1041,55788068,53590.84341978867,여름
39,한림읍,1866,89808100,48128.670953912115,여름
2,남원읍,777,36975631,47587.68468468468,여름
28,이호동,912,42964100,47109.758771929824,여름
32,조천읍,3180,148843000,46805.9748427673,여름
25,우도면,1649,76180207,46197.821103699214,여름
33,중문동,1850,83104600,44921.40540540541,여름
1,구좌읍,986,43728505,44349.39655172414,여름
0,건입동,3308,139155800,42066.44498186215,여름
7,도두동,2122,86612100,40816.25824693685,여름
11,삼양동,2746,104948400,38218.64530225783,여름
13,성산읍,478,17846900,37336.610878661086,여름
17,애월읍,3237,117423951,36275.54865616311,여름
38,한경면,471,16253500,34508.49256900213,여름
22,외도동,901,30465180,33812.63041065483,여름
37,표선면,3415,101144200,29617.628111273792,여름
12,서홍동,21,15623000,743952.380952381,가을
6,대천동,21,11962000,569619.0476190476,가을
9,삼도1동,992,292517440,294876.4516129032,가을
3,노형동,2649,694560860,262197.38014345034,가을
23,용담1동,499,110805050,222054.20841683366,가을
4,대륜동,33,5952800,180387.87878787878,가을
19,영천동,316,56164750,177736.55063291139,가을
27,이도2동,4832,756184490,156495.13451986754,가을
18,연동,13937,2089844655,149949.39047140704,가을
26,이도1동,1261,187337900,148562.9659000793,가을
10,삼도2동,659,96025900,145714.5675265554,가을
35,천지동,9653,1380216260,142983.14099243758,가을
34,중앙동,9632,1364593260,141672.88828903655,가을
31,정방동,9632,1364593260,141672.88828903655,가을
29,일도1동,26139,3684087155,140942.16132981368,가을
14,송산동,13411,1748805400,130400.82022220566,가을
21,오라동,2603,334703810,128583.8686131387,가을
15,아라동,1076,137334500,127634.2936802974,가을
36,추자면,53,5734500,108198.11320754717,가을
8,동홍동,3617,349103640,96517.4564556262,가을
40,화북동,793,76247000,96150.0630517024,가을
5,대정읍,2028,185625840,91531.47928994083,가을
20,예래동,2217,196934290,88829.17907081642,가을
30,일도2동,2532,202022190,79787.59478672985,가을
16,안덕면,666,46513050,69839.41441441441,가을
32,조천읍,2243,140259800,62532.233615693265,가을
0,건입동,2555,158245661,61935.67945205479,가을
39,한림읍,1442,78943000,54745.492371705965,가을
2,남원읍,788,42484900,53914.84771573604,가을
25,우도면,1511,77644500,51386.168100595634,가을
24,용담2동,708,35116711,49599.87429378531,가을
13,성산읍,482,22916800,47545.22821576764,가을
28,이호동,568,26899900,47358.97887323944,가을
11,삼양동,2743,123526664,45033.41742617572,가을
7,도두동,1590,68925700,43349.49685534591,가을
33,중문동,1558,67256400,43168.42105263158,가을
17,애월읍,2505,96411600,38487.66467065868,가을
1,구좌읍,623,23658280,37974.76725521669,가을
38,한경면,407,13250830,32557.32186732187,가을
22,외도동,557,17391100,31222.800718132854,가을
37,표선면,3254,94457870,29028.232944068837,가을
13,서홍동,20,15081080,754054.0,겨울
6,대천동,10,4506800,450680.0,겨울
10,삼도1동,747,251254560,336351.4859437751,겨울
24,용담1동,269,66269451,246354.83643122675,겨울
3,노형동,2246,535818940,238565.86821015138,겨울
20,영천동,264,53975000,204450.75757575757,겨울
4,대륜동,26,5110000,196538.46153846153,겨울
22,오라동,1621,310059330,191276.57618753857,겨울
36,천지동,8532,1349063950,158118.13759962496,겨울
35,중앙동,8512,1333982870,156717.91235902256,겨울
32,정방동,8512,1333982870,156717.91235902256,겨울
19,연동,11646,1814837162,155833.5189764726,겨울
30,일도1동,22762,3504737940,153973.19831297777,겨울
27,이도1동,1122,166299900,148217.3796791444,겨울
28,이도2동,4090,605386972,148016.37457212713,겨울
16,아라동,645,91995940,142629.36434108528,겨울
11,삼도2동,515,71722800,139267.572815534,겨울
15,송산동,11669,1619814790,138813.50501328305,겨울
37,추자면,51,4671000,91588.23529411765,겨울
21,예래동,1743,149657960,85862.28341939185,겨울
8,동홍동,3022,253243420,83799.94043679682,겨울
5,대정읍,1509,123772070,82022.57786613652,겨울
0,건입동,1293,105180500,81346.094354215,겨울
40,한림읍,665,51987000,78175.93984962406,겨울
31,일도2동,2028,156196760,77020.0986193294,겨울
17,안덕면,509,38128810,74909.25343811396,겨울
33,조천읍,1845,118743100,64359.40379403794,겨울
41,화북동,530,33004000,62271.698113207545,겨울
25,용담2동,484,28491200,58866.115702479336,겨울
2,남원읍,528,26078010,49390.170454545456,겨울
34,중문동,1081,51376300,47526.64199814986,겨울
26,우도면,849,38626700,45496.70200235571,겨울
9,봉개동,90,4080000,45333.333333333336,겨울
7,도두동,971,43937000,45249.22760041195,겨울
12,삼양동,1780,79898770,44886.949438202246,겨울
29,이호동,298,13274712,44546.01342281879,겨울
14,성산읍,237,10217000,43109.70464135021,겨울
39,한경면,147,6073000,41312.925170068025,겨울
23,외도동,285,11482020,40287.78947368421,겨울
18,애월읍,1664,58360000,35072.11538461538,겨울
1,구좌읍,294,9953230,33854.52380952381,겨울
38,표선면,2265,70359000,31063.576158940396,겨울
37,추자면,420,45912820,109316.23809523809,봄
7,도두동,3845,412890642,107383.78205461639,봄
38,표선면,20051,1932085780,96358.57463468156,봄
22,오라동,9324,755782622,81057.76726726726,봄
20,영천동,2413,187070540,77526.12515540821,봄
9,봉개동,2786,211654110,75970.60660445082,봄
11,삼도2동,4865,364233481,74868.1358684481,봄
10,삼도1동,8476,632095659,74574.75920245399,봄
24,용담1동,9114,670942353,73616.67248189598,봄
0,건입동,10276,754792664,73451.99143635656,봄
2,남원읍,8654,629628318,72755.75664432632,봄
4,대륜동,12088,832079027,68835.12797816016,봄
39,한경면,2994,182970692,61112.455577822315,봄
40,한림읍,17494,1055018609,60307.45449868526,봄
29,이호동,1955,111086665,56821.82352941176,봄
25,용담2동,61722,3243322371,52547.266306989404,봄
30,일도1동,52723,2754887846,52252.10716385638,봄
27,이도1동,37487,1956389494,52188.47851255102,봄
1,구좌읍,6323,318109730,50309.936738889766,봄
12,삼양동,19444,934553539,48063.85203661798,봄
6,대천동,12692,590224396,46503.65553104318,봄
23,외도동,15545,715321827,46016.19987134127,봄
34,중문동,12877,581500655,45158.084569387276,봄
41,화북동,21072,951289698,45144.72750569476,봄
15,송산동,84071,3792087291,45105.77120529077,봄
35,중앙동,67200,3002050952,44673.37726190476,봄
32,정방동,67200,3002050952,44673.37726190476,봄
18,애월읍,16405,730040926,44501.123194148124,봄
36,천지동,70548,3109295942,44073.48106253898,봄
8,동홍동,14927,631305799,42292.87860923159,봄
28,이도2동,77731,3213551632,41341.95664535385,봄
21,예래동,4745,196130287,41334.09631190727,봄
33,조천읍,25262,1016435163,40235.7360066503,봄
14,성산읍,26318,1021108810,38798.87567444335,봄
19,연동,51583,1871182031,36275.168776534905,봄
17,안덕면,14038,463381010,33009.047585126085,봄
31,일도2동,34742,1143281836,32907.77260952161,봄
42,효돈동,5172,169689173,32809.19818252127,봄
3,노형동,61876,1999774730,32319.069267567393,봄
13,서홍동,3348,107244990,32032.55376344086,봄
5,대정읍,25952,736596500,28383.034062885326,봄
16,아라동,34288,970011990,28290.130366308913,봄
26,우도면,4837,92294350,19080.90758734753,봄
7,도두동,3730,377135235,101108.64209115281,여름
37,추자면,499,48397530,96989.0380761523,여름
20,영천동,3092,250944620,81159.32082794308,여름
10,삼도1동,7466,573084870,76759.29145459416,여름
24,용담1동,8355,631580196,75593.08150807899,여름
9,봉개동,3543,246313150,69521.06971493085,여름
22,오라동,7481,501443334,67028.91779173908,여름
11,삼도2동,5308,348469451,65649.85889223813,여름
0,건입동,10836,711075074,65621.546142488,여름
38,표선면,20724,1342298493,64770.24189345686,여름
2,남원읍,7740,468883560,60579.27131782946,여름
40,한림읍,20171,1181046041,58551.685142035596,여름
1,구좌읍,5814,328725973,56540.41503267974,여름
29,이호동,2807,157466433,56097.767367296045,여름
12,삼양동,17998,903510280,50200.59339926659,여름
27,이도1동,38144,1905218570,49948.053953439594,여름
30,일도1동,52097,2521426441,48398.68785150776,여름
23,외도동,15556,746344244,47977.90203137053,여름
25,용담2동,61530,2928921045,47601.51218917601,여름
41,화북동,19710,928655921,47115.97772704211,여름
8,동홍동,14135,663514697,46941.2590732225,여름
4,대륜동,11283,521088418,46183.49889213862,여름
39,한경면,3442,153785200,44679.02382335851,여름
15,송산동,91755,4067265023,44327.44834613917,여름
32,정방동,74751,3164651706,42335.91130553438,여름
35,중앙동,74751,3164651706,42335.91130553438,여름
36,천지동,77939,3242585836,41604.149860788566,여름
18,애월읍,21723,874030511,40235.25806748607,여름
21,예래동,5552,209320520,37701.82276657061,여름
28,이도2동,72389,2713773676,37488.75762892152,여름
14,성산읍,29424,1080776793,36731.130811582385,여름
3,노형동,61796,2143596996,34688.280730144346,여름
34,중문동,13068,451507000,34550.581573308846,여름
33,조천읍,28156,959161138,34065.95887199886,여름
16,아라동,32243,1078515847,33449.6122259095,여름
19,연동,52190,1726488603,33080.83163441272,여름
31,일도2동,33521,1082091936,32281.01596014439,여름
6,대천동,11555,370648200,32076.86715707486,여름
17,안덕면,9922,293710940,29601.98951824229,여름
42,효돈동,5682,166240320,29257.360084477295,여름
5,대정읍,25011,712498850,28487.41953540442,여름
13,서홍동,3188,77934130,24446.088456712674,여름
26,우도면,6490,113140150,17432.996918335903,여름
7,도두동,3117,468695040,150367.3532242541,가을
38,표선면,19073,1836281842,96276.50825774655,가을
9,봉개동,2150,205217835,95450.15581395349,가을
24,용담1동,8972,797414717,88878.14500668747,가을
0,건입동,10815,893210970,82590.01109570042,가을
37,추자면,772,62694520,81210.51813471502,가을
10,삼도1동,7770,628327627,80865.84646074646,가을
29,이호동,2132,163533436,76704.2382739212,가을
22,오라동,10921,822511901,75314.7057046058,가을
1,구좌읍,4538,330600013,72851.47928602909,가을
2,남원읍,9755,660813490,67741.00358790364,가을
4,대륜동,10920,675341288,61844.440293040294,가을
40,한림읍,18395,1123202702,61060.21755911932,가을
20,영천동,5611,336466560,59965.52486187845,가을
41,화북동,21042,1207003697,57361.64323733485,가을
11,삼도2동,5238,294527474,56228.99465444826,가을
27,이도1동,38419,2120713491,55199.60152528697,가을
30,일도1동,50666,2719796271,53680.895886787985,가을
8,동홍동,13259,705795114,53231.39859717927,가을
12,삼양동,17441,928260336,53222.88492632303,가을
21,예래동,4235,220088531,51968.95655253837,가을
34,중문동,13245,683653102,51615.9382408456,가을
39,한경면,3433,175778099,51202.475677250215,가을
15,송산동,91698,4566704878,49801.57558507274,가을
23,외도동,15014,746426269,49715.35027307846,가을
25,용담2동,63429,3109192177,49018.46437749294,가을
32,정방동,73111,3535728204,48361.09756397806,가을
35,중앙동,73111,3535728204,48361.09756397806,가을
36,천지동,76165,3659692354,48049.52870741154,가을
6,대천동,10686,490235597,45876.43617817706,가을
14,성산읍,25056,1144453910,45675.84251277139,가을
28,이도2동,76655,3454669224,45067.76105929163,가을
33,조천읍,24124,1059977325,43938.70523130493,가을
31,일도2동,34139,1421488326,41638.25320015232,가을
13,서홍동,3054,123964150,40590.74983628029,가을
18,애월읍,22106,890473080,40281.96326789107,가을
3,노형동,63245,2521417291,39867.45657364219,가을
42,효돈동,5130,195598110,38128.286549707605,가을
19,연동,50974,1875870334,36800.53231058971,가을
17,안덕면,13063,445325799,34090.62229196969,가을
5,대정읍,25833,843776032,32662.719467347964,가을
16,아라동,32339,1042020821,32221.8009524104,가을
26,우도면,4195,84515613,20146.749225268177,가을
7,도두동,3458,455343410,131678.25621746675,겨울
37,추자면,317,36596500,115446.37223974764,겨울
20,영천동,2977,296750610,99681.09170305677,겨울
9,봉개동,2057,192735458,93697.35439961108,겨울
38,표선면,14291,1294765166,90600.03960534603,겨울
24,용담1동,9288,802155956,86364.76701119724,겨울
29,이호동,1830,154481275,84415.99726775957,겨울
0,건입동,11361,926099115,81515.63374702931,겨울
10,삼도1동,8404,673785164,80174.34126606378,겨울
22,오라동,6999,545223231,77900.1615945135,겨울
2,남원읍,11328,862259668,76117.55543785311,겨울
39,한경면,3680,235946250,64115.828804347824,겨울
1,구좌읍,4560,288529908,63274.10263157895,겨울
11,삼도2동,5082,306801992,60370.32506887052,겨울
42,효돈동,4422,259984860,58793.500678426055,겨울
40,한림읍,17492,1020194810,58323.508461010744,겨울
27,이도1동,38882,2133825085,54879.509413096035,겨울
21,예래동,4258,225036735,52850.33701268201,겨울
30,일도1동,50722,2658272659,52408.67195694176,겨울
25,용담2동,52462,2684899896,51177.9935191186,겨울
15,송산동,88548,4462017596,50390.947237656415,겨울
23,외도동,14771,727382868,49243.98266874281,겨울
4,대륜동,10885,534575333,49111.192742305924,겨울
35,중앙동,71180,3480450385,48896.465088508005,겨울
32,정방동,71180,3480450385,48896.465088508005,겨울
12,삼양동,17659,855250338,48431.413896596634,겨울
36,천지동,74110,3577949895,48278.9083119687,겨울
41,화북동,18355,881825426,48042.79084718061,겨울
8,동홍동,14506,694831801,47899.61402178409,겨울
14,성산읍,26085,1164958282,44660.083649607055,겨울
34,중문동,12590,560556211,44523.92462271644,겨울
18,애월읍,18010,773967641,42974.32765130483,겨울
28,이도2동,68014,2873763790,42252.53315493869,겨울
33,조천읍,21063,877956893,41682.423823766796,겨울
5,대정읍,24639,982515190,39876.42315029019,겨울
31,일도2동,34220,1362582518,39818.30853302163,겨울
3,노형동,61388,2430392554,39590.67821072522,겨울
17,안덕면,14270,564588806,39564.737631394535,겨울
19,연동,53138,1884868630,35471.20008280327,겨울
6,대천동,11690,410674330,35130.39606501283,겨울
16,아라동,29567,992442736,33565.892244732306,겨울
13,서홍동,2930,97499510,33276.283276450515,겨울
26,우도면,2990,57156766,19115.97525083612,겨울
7,도두동,30424,2178713129,71611.65951222718,봄
37,추자면,3270,207693835,63514.93425076453,봄
24,용담1동,22125,1230340459,55608.60831638418,봄
21,예래동,70941,3938073020,55511.94682905513,봄
38,표선면,58811,3065637493,52126.940419309314,봄
20,영천동,20601,1038539533,50412.093247900586,봄
34,중문동,83043,3985116226,47988.586948930075,봄
19,연동,357091,16425849854,45999.05865451664,봄
29,이호동,13638,621800030,45593.197682944716,봄
17,안덕면,97495,4438061294,45520.911780091286,봄
14,성산읍,119666,5158700562,43109.15850784684,봄
2,남원읍,47437,2017515651,42530.42247612623,봄
11,삼도2동,58475,2406446108,41153.41783668234,봄
5,대정읍,103309,4220917284,40857.207832812244,봄
15,송산동,282680,11517387193,40743.551694495545,봄
32,정방동,180051,7334458761,40735.451405435124,봄
35,중앙동,180051,7334458761,40735.451405435124,봄
33,조천읍,134416,5337969570,39712.30783537674,봄
39,한경면,33281,1303070580,39153.58853399838,봄
36,천지동,214793,8380406832,39016.20086315662,봄
8,동홍동,84253,3244872399,38513.434524586664,봄
0,건입동,68835,2627379871,38169.24342267742,봄
40,한림읍,122232,4659188710,38117.58549316055,봄
3,노형동,416729,15271101144,36645.160629569815,봄
22,오라동,76280,2736133344,35869.603356056636,봄
18,애월읍,185787,6633623583,35705.53151189265,봄
4,대륜동,76007,2672150275,35156.63392845396,봄
31,일도2동,133485,4690534583,35139.038715960596,봄
1,구좌읍,105639,3612634094,34197.92021885856,봄
23,외도동,75781,2574634644,33974.67233211491,봄
28,이도2동,410254,13607325951,33168.05186786722,봄
10,삼도1동,40841,1347532803,32994.60843270243,봄
27,이도1동,45618,1501319561,32910.68352404753,봄
42,효돈동,18573,605213096,32585.64023044204,봄
16,아라동,243540,7476402191,30698.867500205306,봄
12,삼양동,83421,2554821891,30625.644513971303,봄
41,화북동,74280,2262641106,30460.973424878837,봄
6,대천동,63120,1908153234,30230.564543726236,봄
13,서홍동,34742,1045948071,30106.15597835473,봄
26,우도면,29439,841134626,28572.119501341756,봄
9,봉개동,16409,468594133,28557.141385824852,봄
25,용담2동,223738,6193602769,27682.390872359636,봄
30,일도1동,55420,1533024616,27661.938217250092,봄
37,추자면,3479,217904012,62634.09370508767,여름
7,도두동,35093,2029596373,57834.792494229616,여름
24,용담1동,28368,1527569047,53848.31665961647,여름
21,예래동,87583,4577025186,52259.287601475175,여름
29,이호동,19569,977743904,49963.917624814756,여름
34,중문동,92036,4513415094,49039.67028119432,여름
20,영천동,23508,1113606962,47371.40386251489,여름
38,표선면,64728,3016980210,46610.12560252132,여름
17,안덕면,110472,4843535401,43844.00935078572,여름
19,연동,383198,16408535286,42819.99197803746,여름
14,성산읍,140954,5872128724,41659.894178242546,여름
5,대정읍,98170,3976668081,40507.97678516858,여름
2,남원읍,52795,2132932232,40400.2695709821,여름
11,삼도2동,60976,2450857857,40193.81161440567,여름
39,한경면,40781,1593998970,39086.80439420318,여름
15,송산동,316300,12087928083,38216.65533670566,여름
33,조천읍,169112,6441468636,38089.95598183452,여름
35,중앙동,202056,7664935515,37934.70876885616,여름
32,정방동,202056,7664935515,37934.70876885616,여름
40,한림읍,156038,5905242193,37844.89799279663,여름
0,건입동,72164,2721508229,37712.82397040076,여름
8,동홍동,93267,3427710906,36751.59387564733,여름
36,천지동,240313,8786755929,36563.79775126606,여름
3,노형동,441502,15895911424,36004.16628690244,여름
18,애월읍,227955,8185919359,35910.242631221074,여름
10,삼도1동,40072,1349920926,33687.38585546017,여름
31,일도2동,146418,4884553769,33360.336632108076,여름
1,구좌읍,138800,4571583048,32936.47729106628,여름
4,대륜동,91627,2987501805,32605.03787093324,여름
23,외도동,86408,2793845170,32333.17713637626,여름
22,오라동,83339,2678791285,32143.309674942106,여름
28,이도2동,436232,13845494148,31738.831970144325,여름
6,대천동,68854,2156646240,31322.01818340256,여름
27,이도1동,48644,1522534054,31299.52417564345,여름
41,화북동,79246,2453995195,30966.802046791006,여름
16,아라동,239542,7364455642,30743.9014536073,여름
9,봉개동,16785,512540060,30535.600834078046,여름
42,효돈동,23478,706093655,30074.69354289122,여름
12,삼양동,93756,2801501517,29880.770478689363,여름
13,서홍동,38257,1121820414,29323.27192409232,여름
25,용담2동,230599,6201394565,26892.547517552113,여름
26,우도면,38788,1033699332,26649.97762194493,여름
30,일도1동,58162,1494037694,25687.522678037207,여름
7,도두동,29093,2037746452,70042.49998281374,가을
37,추자면,3219,210982032,65542.72506989748,가을
21,예래동,70491,3827341458,54295.462654806994,가을
34,중문동,79035,3963691017,50151.085177453024,가을
38,표선면,58869,2927763574,49733.536734104535,가을
24,용담1동,25536,1262945474,49457.45120614035,가을
20,영천동,20431,962240351,47097.07557143556,가을
29,이호동,15067,683865534,45388.30118802682,가을
17,안덕면,92444,4176951411,45183.58585738393,가을
19,연동,358003,16032646534,44783.5535847465,가을
14,성산읍,122360,5204438015,42533.818363844395,가을
5,대정읍,96938,4036901144,41644.155480822796,가을
11,삼도2동,59169,2458250219,41546.252581588335,가을
2,남원읍,47050,1907857476,40549.574410201916,가을
39,한경면,33992,1357108068,39924.33713815016,가을
0,건입동,63844,2545268438,39866.99514441451,가을
32,정방동,182755,7220811379,39510.88276107357,가을
35,중앙동,182755,7220811379,39510.88276107357,가을
15,송산동,285830,11175288682,39097.675828289546,가을
40,한림읍,128685,4948064314,38450.979632435796,가을
33,조천읍,144600,5547471760,38364.25836791148,가을
36,천지동,217684,8245704936,37879.24209404458,가을
3,노형동,426432,15696453677,36808.80814995123,가을
8,동홍동,84798,3086636573,36399.874678648084,가을
18,애월읍,196272,6874411864,35024.92390152442,가을
10,삼도1동,36936,1268379140,34339.9160710418,가을
9,봉개동,16778,570709460,34015.345094766955,가을
31,일도2동,140902,4755129563,33747.77904501001,가을
1,구좌읍,108938,3666857147,33660.037333161985,가을
4,대륜동,78957,2574258053,32603.291069822815,가을
28,이도2동,403610,13037755501,32302.855481776962,가을
22,오라동,79547,2563254901,32223.14984851723,가을
42,효돈동,21847,701335517,32102.142948688608,가을
27,이도1동,43779,1400476342,31989.683227118025,가을
23,외도동,81823,2615494327,31965.270486293586,가을
41,화북동,74679,2277588175,30498.37537995956,가을
6,대천동,59855,1824666550,30484.78072007351,가을
16,아라동,237666,7181397266,30216.342539530266,가을
12,삼양동,84602,2537654283,29995.2044041512,가을
13,서홍동,34929,1024893557,29342.195797188582,가을
25,용담2동,200537,5860472469,29223.89618374664,가을
26,우도면,30787,842614036,27369.150485594568,가을
30,일도1동,58499,1534889299,26237.872425169662,가을
37,추자면,2594,187299909,72205.05358519661,겨울
7,도두동,26634,1749069216,65670.5420139671,겨울
24,용담1동,21498,1197892059,55721.0930784259,겨울
20,영천동,18254,980012612,53687.554070340746,겨울
21,예래동,67477,3588675197,53183.68032070187,겨울
38,표선면,50514,2439622123,48295.95999128954,겨울
29,이호동,12173,586219399,48157.34814753964,겨울
34,중문동,75664,3635769379,48051.50902674984,겨울
19,연동,338098,15945644152,47162.787570467735,겨울
17,안덕면,89550,3978608317,44428.90359575656,겨울
5,대정읍,88592,3925646986,44311.529099692976,겨울
14,성산읍,115438,4889175899,42353.26234862004,겨울
15,송산동,281643,11661888417,41406.63328042948,겨울
35,중앙동,186080,7589298979,40785.14068680137,겨울
32,정방동,186080,7589298979,40785.14068680137,겨울
11,삼도2동,57026,2315153750,40598.21397257391,겨울
2,남원읍,48351,1960414177,40545.47324770946,겨울
8,동홍동,79267,3176913826,40078.643395107676,겨울
36,천지동,219722,8643839029,39339.88871847152,겨울
40,한림읍,112260,4388482271,39092.12783716372,겨울
3,노형동,399211,15395861080,38565.72358978084,겨울
39,한경면,29570,1137027596,38452.0661481231,겨울
0,건입동,61126,2347556773,38405.20847102706,겨울
33,조천읍,116389,4445875480,38198.41634518726,겨울
22,오라동,72249,2639141554,36528.416365624435,겨울
31,일도2동,134919,4888239360,36230.91899584195,겨울
10,삼도1동,38096,1349319804,35418.93647627047,겨울
16,아라동,204378,7206079264,35258.585875192046,겨울
18,애월읍,169281,5931835301,35041.35314063598,겨울
28,이도2동,396995,13885989194,34977.74328140153,겨울
4,대륜동,72448,2532336756,34953.85319125442,겨울
27,이도1동,44907,1545548462,34416.64911929098,겨울
23,외도동,73880,2509168647,33962.759163508395,겨울
42,효돈동,20185,669140220,33150.370076789695,겨울
1,구좌읍,94108,3062181154,32539.010009776,겨울
41,화북동,70393,2250869889,31975.763058826873,겨울
12,삼양동,80179,2521486819,31448.21984559548,겨울
13,서홍동,33642,1054540050,31345.938113072945,겨울
9,봉개동,13664,421374121,30838.269979508197,겨울
6,대천동,61833,1873986341,30307.220109003283,겨울
26,우도면,22002,640642730,29117.47704754113,겨울
30,일도1동,55639,1595848806,28682.197846834057,겨울
25,용담2동,212683,5374838707,25271.595317914456,겨울
